<?xml version="1.0" encoding="UTF-8"?>
<beans xmlns="http://www.springframework.org/schema/beans"
xmlns:xsi="http://www.w3.org/2001/XMLSchema-instance" xmlns:aop="http://www.springframework.org/schema/aop"
xmlns:context="http://www.springframework.org/schema/context" xmlns:tx="http://www.springframework.org/schema/tx"
xsi:schemaLocation="http://www.springframework.org/schema/beans http://www.springframework.org/schema/beans/spring-beans-3.0.xsd
http://www.springframework.org/schema/aop http://www.springframework.org/schema/aop/spring-aop-3.0.xsd
http://www.springframework.org/schema/context http://www.springframework.org/schema/context/spring-context-3.0.xsd
http://www.springframework.org/schema/tx http://www.springframework.org/schema/tx/spring-tx-3.0.xsd">
     
        
        
	<context:component-scan base-package="com.spring.user" />
	<context:property-placeholder location="classpath:mysql.properties"/>	
    <context:annotation-config/>
	
	<bean
		class="org.springframework.web.servlet.view.InternalResourceViewResolver">
		<property name="prefix" value="/views/" />
		<property name="suffix" value=".jsp" />
	</bean>
	
	<bean id="dataSource"
		class="org.springframework.jdbc.datasource.DriverManagerDataSource">
		<property name="driverClassName" value="com.mysql.jdbc.Driver" />
		<property name="url" value="${db.url}" />
		<property name="username" value="${db.username}" />
		<property name="password" value="${db.password}" />
 	</bean>
	
	
	 <bean id="sessionFactory" class="org.springframework.orm.hibernate3.annotation.AnnotationSessionFactoryBean">
        <property name="dataSource" ref="dataSource"></property>  
        <property name="hibernateProperties">  
            <props>  
                <prop key="hibernate.dialect">org.hibernate.dialect.MySQLDialect</prop>  
                <prop key="hibernate.hbm2ddl.auto">update</prop>  
                <prop key="hibernate.show_sql">true</prop>  
                  
            </props>  
        </property>  
        <property name="annotatedClasses">
        <list>
        <value>com.spring.user.User</value>
        <value>com.spring.user.Address</value>
        <value>com.spring.user.Hospital</value>
        <value>com.spring.user.MedicalHistory</value>
        <value>com.spring.user.Medication</value>
        <value>com.spring.user.Emergency</value>
        </list>
        </property>
    </bean>  
    
    <tx:annotation-driven />
     <bean id="transactionManager" class = "org.springframework.orm.hibernate3.HibernateTransactionManager">
      <property name="sessionFactory" ref = "sessionFactory"></property>
      </bean>
         <bean id="userDAO" class="com.spring.user.UserDAO">
         <property name = "sessionFactory" ref = "sessionFactory" />
         
         </bean> 
         <tx:annotation-driven transaction-manager="transactionManager"/>     
</beans>